{"Mean": [0.687750085106383, 0.7008946736842099, 0.6993933362068968], "Std": [0.07535691380607162, 0.13739440351725343, 0.10857564467838422]}